{
  "origin": [
    46.339159,
    3.433923
  ],
  "fields": {
    "mixed_field": [
      [
        46.34023557251209,
        3.4355433354589984,
        124.75044874461906,
        119.67613726564376
      ],
      [
        46.34014412920668,
        3.435176732627489,
        96.52567400192169,
        109.51052902454519
      ],
      [
        46.340118740447906,
        3.435189931674336,
        97.54192149115981,
        106.68825755583273
      ],
      [
        46.340210183711456,
        3.4355565343610555,
        125.7666962338572,
        116.8538657969313
      ],
      [
        46.34018479490885,
        3.43556973325108,
        126.78294372309533,
        114.03159432821883
      ],
      [
        46.34009335168715,
        3.435203130709151,
        98.55816898039795,
        103.86598608712026
      ]
    ],
    "sloping_field": [
      [
        46.34091343402451,
        3.433783294112178,
        -10.7559,
        195.028
      ],
      [
        46.3410928007683,
        3.4343768342759122,
        34.9404,
        214.967
      ]
    ]
  }
}